{
  "hash": "25a6c4ab",
  "configHash": "8a8513ef",
  "lockfileHash": "74ebbec3",
  "browserHash": "571bed13",
  "optimized": {
    "@angular/common": {
      "src": "../../../../../node_modules/@angular/common/fesm2022/common.mjs",
      "file": "@angular_common.js",
      "fileHash": "1c19e2a1",
      "needsInterop": false
    },
    "@angular/common/http": {
      "src": "../../../../../node_modules/@angular/common/fesm2022/http.mjs",
      "file": "@angular_common_http.js",
      "fileHash": "8e57cb70",
      "needsInterop": false
    },
    "@angular/core": {
      "src": "../../../../../node_modules/@angular/core/fesm2022/core.mjs",
      "file": "@angular_core.js",
      "fileHash": "41e926ab",
      "needsInterop": false
    },
    "@angular/forms": {
      "src": "../../../../../node_modules/@angular/forms/fesm2022/forms.mjs",
      "file": "@angular_forms.js",
      "fileHash": "470c136f",
      "needsInterop": false
    },
    "@angular/platform-browser": {
      "src": "../../../../../node_modules/@angular/platform-browser/fesm2022/platform-browser.mjs",
      "file": "@angular_platform-browser.js",
      "fileHash": "b1e58175",
      "needsInterop": false
    },
    "@angular/router": {
      "src": "../../../../../node_modules/@angular/router/fesm2022/router.mjs",
      "file": "@angular_router.js",
      "fileHash": "1377b986",
      "needsInterop": false
    },
    "ngx-owl-carousel-o": {
      "src": "../../../../../node_modules/ngx-owl-carousel-o/fesm2022/ngx-owl-carousel-o.mjs",
      "file": "ngx-owl-carousel-o.js",
      "fileHash": "6582afcd",
      "needsInterop": false
    },
    "ngx-slick-carousel": {
      "src": "../../../../../node_modules/ngx-slick-carousel/fesm2022/ngx-slick-carousel.mjs",
      "file": "ngx-slick-carousel.js",
      "fileHash": "c1a541b7",
      "needsInterop": false
    },
    "sweetalert2": {
      "src": "../../../../../node_modules/sweetalert2/dist/sweetalert2.all.js",
      "file": "sweetalert2.js",
      "fileHash": "9ccc248d",
      "needsInterop": true
    }
  },
  "chunks": {
    "chunk-VIGBW3BM": {
      "file": "chunk-VIGBW3BM.js"
    },
    "chunk-6NGPDRSB": {
      "file": "chunk-6NGPDRSB.js"
    },
    "chunk-6BN7VR3P": {
      "file": "chunk-6BN7VR3P.js"
    },
    "chunk-QEYN3FDE": {
      "file": "chunk-QEYN3FDE.js"
    },
    "chunk-3BVEN7KA": {
      "file": "chunk-3BVEN7KA.js"
    },
    "chunk-DVQ6Q7IN": {
      "file": "chunk-DVQ6Q7IN.js"
    },
    "chunk-WKYGNSYM": {
      "file": "chunk-WKYGNSYM.js"
    }
  }
}